[
    {
        "title": "One",
        "body": "quia et suscipit\nsuscipit recusandae consequuntur expedita et cum\nreprehenderit molestiae ut ut quas totam\nnostrum rerum est autem sunt rem eveniet architecto",
        "image": "https://static8.depositphotos.com/1002077/848/i/600/depositphotos_8482965-stock-photo-medical-devices.jpg"
    },
    {
        "title": "two",
        "body": "quia et suscipit\nsuscipit recusandae consequuntur expedita et cum\nreprehenderit molestiae ut ut quas totam\nnostrum rerum est autem sunt rem eveniet architecto",
        "image": "https://static8.depositphotos.com/1002077/848/i/600/depositphotos_8482965-stock-photo-medical-devices.jpg"
    },
    {
        "title": "Three",
        "body": "quia et suscipit\nsuscipit recusandae consequuntur expedita et cum\nreprehenderit molestiae ut ut quas totam\nnostrum rerum est autem sunt rem eveniet architecto",
        "image": "https://static8.depositphotos.com/1002077/848/i/600/depositphotos_8482965-stock-photo-medical-devices.jpg"
    }
]